Name,Localization Key,Localization Display Name,Manufacturer,Type,Size,Alpha Damage,DPS Single,DPS Burst,Power Base,Power S2,Power S3,Power S4,RPM,Col14,Col15,Ammo Count,Max Ammo,Ammo Per Shot,Col19,Speed,Range,Col22,Col23,Col24,Col25,Col26,Col27,Col28,Col29,Col30,Col31,Col32,Col33,Col34,Col35,Col36,Col37,Col38,Col39,EM,Health,Col42,Distortion Shutdown Dmg,Distortion Warning Ratio,Price
'WAR',item_NameVNCL_NeutronCannon_S5,'WAR' Cannon,Vanduul (VNCL),Laser Cannon,5,945,567,567,2.4,0.1,0.2,1.4,25,,,100,∞,∞,,3478,1288,,,,,,0,,0,0,0,0,0,0,0.49,0.025,0.025,0.45,0.45,0.05,2640,500000,0,500000,0.75,
'WARLORD',item_NameVNCL_PlasmaCannon_S3,'WARLORD' Cannon,Vanduul (VNCL),Plasma Cannon,3,878,527,527,2.25,0.1,0.2,1.5,25,,,100,∞,∞,,2600,1600,,,,,,0,,0,0,0,0,0,0,3,0.025,0.025,0.5,0.5,0.05,1024,500000,0,500000,0.75,
'WASP',item_NameVNCL_LaserCannon_S2,'WASP' Repeater,Vanduul (VNCL),Laser Cannon,2,520,89,89,1.2,0.1,0.1,1.2,25,,,350,∞,∞,,2304,1800,,,,,,0,,0,0,0,0,0,0,1.98,0.025,0.025,0.5,0.5,0.05,850,500000,0,500000,0.75,
'WEAK',item_NameVNCL_LaserCannon_S1,'WEAK' Repeater,Vanduul (VNCL),Laser Cannon,1,425,73,73,0.9,0.1,0.1,1.13,25,,,350,∞,∞,,1998,1800,,,,,,0,,0,0,0,0,0,0,1.74,0.025,0.025,0.5,0.5,0.05,550,500000,0,500000,0.75,
'WHIP',item_NameVNCL_PlasmaCannon_S2,'WHIP' Cannon,Vanduul (VNCL),Plasma Cannon,2,455,273,273,1.2,0.1,0.1,1.2,25,,,100,∞,∞,,2300,1000,,,,,,0,,0,0,0,0,0,0,0.75,0.025,0.025,0.4,0.4,0.05,850,500000,0,500000,0.75,
'WRATH',item_NameVNCL_PlasmaCannon_S5,'WRATH' Cannon,Vanduul (VNCL),Plasma Cannon,5,810,972,972,4.5,0.2,0.5,2.1,25,,,50,∞,∞,,2795,1288,,,,,,0,,0,0,0,0,0,0,3,0.025,0.025,0.45,0.45,0.5,5500,500000,0,500000,0.75,
'WRATH' (2),item_NameVNCL_PlasmaCannon_S5,'WRATH' Cannon,Vanduul (VNCL),Plasma Cannon,5,810,972,972,4.5,0.2,0.5,2.1,25,,,50,∞,∞,,2795,1288,,,,,,0,,0,0,0,0,0,0,3,0.025,0.025,0.45,0.45,0.5,1050,500000,0,500000,0.75,
10-Series Greatsword,item_NameKBAR_BallisticCannon_S2,10-Series Greatsword Cannon,KnightBridge Arms (KBAR),Ballistic Cannon,2,304,73,73,2.64,0.1,0.3,0.1,492,,,250,35911,118,,2304,1600,,,,,,0,,0,0,0,0,0,0,,0.025,0.025,0.5,0.5,0.05,850,500000,0,500000,0.75,27287
11-Series Broadsword,item_NameKBAR_BallisticCannon_S3,11-Series Broadsword Cannon,KnightBridge Arms (KBAR),Ballistic Cannon,3,455,109,109,4.95,0.3,0.5,0.1,489,,,250,53428,117,,2608,1600,,,,,,0,,0,0,0,0,0,0,,0.025,0.025,0.5,0.5,0.05,2850,500000,0,500000,0.75,61400
9-Series Longsword,item_NameKBAR_BallisticCannon_S1,9-Series Longsword Cannon,KnightBridge Arms (KBAR),Ballistic Cannon,1,203,49,49,1.98,0.1,0.2,0.1,495,,,250,24057,119,,2000,1600,,,,,,0,,0,0,0,0,0,0,,0.025,0.025,0.5,0.5,0.05,850,500000,0,500000,0.75,12129
Absolution,item_NamePRAR_DistortionScatterGun_S5,Absolution Distortion Scattergun,Preacher Armament (PRAR),Distortion Scattergun,5,720,720,720,1.68,0.1,0.2,1.4,75,,,60,∞,∞,,1400,700,,,,,,8,25,0,720,0,0,0,0,0.4,0.8,0.4,4,4,0.6,2640,500000,0,500000,0.75,
AD4B,item_NameBEHR_BallisticGatling_S4,AD4B Ballistic Gatling,Behring (BEHR),Ballistic Gatling,4,1266,84,84,2.2,0.1,0.2,0.1,5220,,,900,440568,348,,2997,900,,,,,,1,,0,0,0,84,0,0,,0.008,0.008,0.756,0.756,0.01,1650,500000,0,500000,0.75,54105
AD5B,item_NameBEHR_BallisticGatling_S5,AD5B Ballistic Gatling,Behring (BEHR),Ballistic Gatling,5,1898,127,127,3.3,0.2,0.3,0.1,5004,,,900,633006,334,,3303,900,,,,,,1,,0,0,0,127,0,0,,0.008,0.008,0.792,0.792,0.01,1650,500000,0,500000,0.75,121735
AD6B,item_NameBEHR_BallisticGatling_S6,AD6B Ballistic Gatling,Behring (BEHR),Ballistic Gatling,6,2849,190,190,5.5,0.3,0.6,0.1,4734,,,900,898987,316,,3600,900,,,,,,1,,0,0,0,190,0,0,,0.008,0.008,0.828,0.828,0.01,1650,500000,0,500000,0.75,273910
Ardor-1 Salvaged,item_NameHRST_Pyro_LaserRepeater_S1,Ardor-1 Salvaged Repeater,Hurston Dynamics (HRST),Laser Repeater,1,427,73,73,0.3,0,0,0.45,75,,,350,∞,∞,,2000,1000,,,,,,0,,0,0,0,0,0,0,0.66,0.022,0.022,0.3,0.3,2,524,500000,0,500000,0.75,
Ardor-2 Salvaged,item_NameHRST_Pyro_LaserRepeater_S2,Ardor-2 Salvaged Repeater,Hurston Dynamics (HRST),Laser Repeater,2,640,110,110,0.4,0,0,0.6,75,,,350,∞,∞,,2300,1000,,,,,,0,,0,0,0,0,0,0,0.69,0.022,0.022,0.3,0.3,2,850,500000,0,500000,0.75,
Ardor-3 Salvaged,item_NameHRST_Pyro_LaserRepeater_S3,Ardor-3 Salvaged Repeater,Hurston Dynamics (HRST),Laser Repeater,3,884,152,152,0.75,0,0.1,0.75,75,,,350,∞,∞,,2600,1000,,,,,,0,,0,0,0,0,0,0,0.73,0.022,0.022,0.3,0.3,2,1024,500000,0,500000,0.75,
Attrition-1,item_NameHRST_LaserRepeater_S1,Attrition-1 Repeater,Hurston Dynamics (HRST),Laser Repeater,1,388,67,67,0.3,0,0,0.45,75,,,350,∞,∞,,2000,1000,,,,,,0,,0,0,0,0,0,0,0.66,0.022,0.022,0.5,0.5,2,524,500000,0,500000,0.75,10241
Attrition-2,item_NameHRST_LaserRepeater_S2,Attrition-2 Repeater,Hurston Dynamics (HRST),Laser Repeater,2,582,100,100,0.4,0,0,0.6,75,,,350,∞,∞,,2300,1000,,,,,,0,,0,0,0,0,0,0,0.69,0.022,0.022,0.5,0.5,2,850,500000,0,500000,0.75,23047
Attrition-3,item_NameHRST_LaserRepeater_S3,Attrition-3 Repeater,Hurston Dynamics (HRST),Laser Repeater,3,786,135,135,0.75,0,0.1,0.75,75,,,350,∞,∞,,2600,1000,,,,,,0,,0,0,0,0,0,0,0.73,0.022,0.022,0.5,0.5,2,1024,500000,0,500000,0.75,51851
Attrition-4,item_NameHRST_LaserRepeater_S4,Attrition-4 Repeater,Hurston Dynamics (HRST),Laser Repeater,4,1179,202,202,1,0.1,0.1,0.9,75,,,350,∞,∞,,3000,1000,,,,,,0,,0,0,0,0,0,0,0.76,0.022,0.022,0.5,0.5,2,1650,500000,0,500000,0.75,116665
Attrition-5,item_NameHRST_LaserRepeater_S5,Attrition-5 Repeater,Hurston Dynamics (HRST),Laser Repeater,5,1965,337,337,1.5,0.1,0.2,1.05,75,,,350,∞,∞,,3300,1000,,,,,,0,,0,0,0,0,0,0,0.8,0.022,0.022,0.5,0.5,2,2640,500000,0,500000,0.75,262495
Attrition-6,item_NameHRST_LaserRepeater_S6,Attrition-6 Repeater,Hurston Dynamics (HRST),Laser Repeater,6,2948,505,505,2.5,0.1,0.3,1.2,75,,,350,∞,∞,,3600,1000,,,,,,0,,0,0,0,0,0,0,0.84,0.022,0.022,0.5,0.5,2,4224,500000,0,500000,0.75,621700
ATVS,item_NameBEHR_DistortionRepeater_VNG_S2,ATVS Repeater,Behring (BEHR),Distortion Repeater,2,225,27,27,0.56,0,0.1,0.6,75,,,500,∞,∞,,2302,1430,,,,,,0,28,0,0,0,0,0,0,0.5,0.022,0.022,0.55,0.55,2,850,500000,0,500000,0.75,24045
Axiom L-22,item_NameKRIG_Wolf_LaserRepeater_S4,Axiom L-22 Repeater,Kruger Intergalatic (KRIG),Laser Repeater,4,1063,85,85,1,0.1,0.1,1.2,75,,,750,∞,∞,,3003,1650,,,,,,0,,0,0,0,0,0,0,0.25,0.022,0.022,0.55,0.55,2,1650,500000,0,500000,0.75,
Breakneck S4,item_NameGLSN_BallisticGatling_S4,Breakneck S4 Gatling,Grey's Market (GREY),Ballistic Gatling,4,953,52,52,2.2,0.1,0.2,0.1,10500,,,1100,546000,573,,3001,1450,,,,,,1,,0,0,0,52,0,0,,0.008,0.008,0.62,0.62,0.01,1800,500000,0,500000,0.75,
BRVS,item_NameBEHR_BallisticRepeater_VNG_S2,BRVS Repeater,Behring (BEHR),Ballistic Repeater,2,450,54,54,0.88,0,0.1,0.1,2637,,,500,142398,316,,2310,1320,,,,,,0,,0,0,0,0,0,0,,0.022,0.022,0.57,0.57,2,850,500000,0,500000,0.75,16030
C-788,item_NameBEHR_BallisticCannon_S4,C-788 Cannon,Behring (BEHR),Ballistic Cannon,4,271,325,325,6.6,0.3,0.7,0.1,270,,,50,87750,324,,6525,900,,,,,,0,,0,0,0,0,0,0,,0.025,0.025,0.2,0.2,0.05,1650,500000,0,500000,0.75,135265
CF-117 Bulldog,item_NameKLWE_LaserRepeater_S1,CF-117 Bulldog Repeater,Klaus & Werner (KLWE),Laser Repeater,1,219,17,17,0.3,0,0,0.45,75,,,750,∞,∞,,1998,1800,,,,,,0,,0,0,0,0,0,0,0.73,0.022,0.022,0.6,0.6,2,525,500000,0,500000,0.75,7175
CF-227 Badger,item_NameKLWE_LaserRepeater_S2,CF-227 Badger Repeater,Klaus & Werner (KLWE),Laser Repeater,2,328,26,26,0.4,0,0,0.6,75,,,750,∞,∞,,2304,1800,,,,,,0,,0,0,0,0,0,0,0.76,0.022,0.022,0.6,0.6,2,850,500000,0,500000,0.75,16138
CF-337 Panther,item_NameKLWE_LaserRepeater_S3,CF-337 Panther Repeater,Klaus & Werner (KLWE),Laser Repeater,3,546,44,44,0.75,0,0.1,1,75,,,750,∞,∞,,2592,1800,,,,,,0,,0,0,0,0,0,0,0.25,0.022,0.022,0.6,0.6,2,1500,500000,0,500000,0.75,36308
CF-447 Rhino,item_NameKLWE_LaserRepeater_S4,CF-447 Rhino Repeater,Klaus & Werner (KLWE),Laser Repeater,4,818,65,65,1,0.1,0.1,0.9,75,,,750,∞,∞,,3006,1800,,,,,,0,,0,0,0,0,0,0,0.84,0.022,0.022,0.6,0.6,2,1650,500000,0,500000,0.75,81694
CF-557 Galdereen,item_NameKLWE_LaserRepeater_S5,CF-557 Galdereen Repeater,Klaus & Werner (KLWE),Laser Repeater,5,1227,98,98,1.5,0.1,0.2,1.05,75,,,750,∞,∞,,3294,1800,,,,,,0,,0,0,0,0,0,0,0.88,0.022,0.022,0.6,0.6,2,2640,500000,0,500000,0.75,183809
CF-667 Mammoth,item_NameKLWE_LaserRepeater_S6,CF-667 Mammoth Repeater,Klaus & Werner (KLWE),Laser Repeater,6,1842,147,147,2.5,0.1,0.3,1.2,75,,,750,∞,∞,,3600,1800,,,,,,0,,0,0,0,0,0,0,0.93,0.022,0.022,0.6,0.6,2,4224,500000,0,500000,0.75,413569
Condemnation,item_NamePRAR_DistortionScatterGun_S6,Condemnation Distortion Scattergun,Preacher Armament (PRAR),Distortion Scattergun,6,1040,1040,1040,2.8,0.1,0.3,1.6,75,,,60,∞,∞,,1400,700,,,,,,8,25,0,1040,0,0,0,0,0.42,0.8,0.4,4,4,0.6,4224,500000,0,500000,0.75,
Conqueror-7,item_NameHRST_BallisticCannon_S7,Conqueror-7,Behring (BEHR),Ballistic Cannon,7,3333,4000,4000,23.1,1.2,2.3,0.1,800,,,50,3200000,960,,4497,850,,,,,,0,,0,0,0,0,0,0,,0.025,0.025,0.4,0.4,0.05,6750,500000,0,500000,0.75,
CVSA,item_NameBEHR_BallisticCannon_VNG_S2,CVSA Cannon,Behring (BEHR),Ballistic Cannon,2,405,162,162,2.64,0.1,0.3,0.1,327,,,150,52974,131,,2310,1320,,,,,,0,,0,0,0,0,0,0,,0.025,0.025,0.45,0.45,0.05,550,500000,0,500000,0.75,26720
Deadbolt I,item_NameESPR_BallisticCannon_S1,Deadbolt I Cannon,Esperia (ESPR),Ballistic Cannon,1,338,203,203,1.98,0.1,0.2,0.1,396,,,100,80190,238,,1998,900,,,,,,0,,0,0,0,0,0,0,,0.025,0.025,0.4,0.4,0.05,550,500000,0,500000,0.75,11250
Deadbolt II,item_NameESPR_BallisticCannon_S2,Deadbolt II Cannon,Esperia (ESPR),Ballistic Cannon,2,506,303,303,2.64,0.1,0.3,0.1,393,,,100,119197,236,,2304,900,,,,,,0,,0,0,0,0,0,0,,0.025,0.025,0.4,0.4,0.05,550,500000,0,500000,0.75,25315
Deadbolt III,item_NameESPR_BallisticCannon_S3,Deadbolt III Cannon,Esperia (ESPR),Ballistic Cannon,3,759,455,455,4.95,0.3,0.5,0.1,387,,,100,176240,232,,2601,900,,,,,,0,,0,0,0,0,0,0,,0.025,0.025,0.4,0.4,0.05,550,500000,0,500000,0.75,56955
Deadbolt IV,item_NameESPR_BallisticCannon_S4,Deadbolt IV Cannon,Esperia (ESPR),Ballistic Cannon,4,1139,683,683,6.6,0.3,0.7,0.1,381,,,100,260261,229,,2998,864,,,,,,0,,0,0,0,0,0,0,,0.025,0.025,0.4,0.4,0.05,550,500000,0,500000,0.75,128145
Deadbolt V,item_NameESPR_BallisticCannon_S5,Deadbolt V Cannon,Esperia (ESPR),Ballistic Cannon,5,1707,1024,1024,9.9,0.5,1,0.1,369,,,100,377930,221,,3304,828,,,,,,0,,0,0,0,0,0,0,,0.025,0.025,0.4,0.4,0.05,550,500000,0,500000,0.75,288325
Deadbolt VI,item_NameESPR_BallisticCannon_S6,Deadbolt VI Cannon,Esperia (ESPR),Ballistic Cannon,6,2562,1537,1537,16.5,0.8,1.7,0.1,354,,,100,544169,212,,3604,792,,,,,,0,,0,0,0,0,0,0,,0.025,0.025,0.4,0.4,0.05,550,500000,0,500000,0.75,648730
Destroyer Mass Driver,item_NameKLWE_MassDriver_S10,Destroyer Mass Driver Cannon,Klaus & Werner (KLWE),Ballistic Cannon,10,9611,144160,288320,50.4,2.5,5,4.8,1500,,,2,432480000,45000,2,10000,5000,2,10,,,,1,,0,0,0,144160,0,0,,0,0,0.2,0.2,0,727680,500000,0,500000,0.75,
Dominance-1,item_NameHRST_LaserScattergun_S1,Dominance-1 Scattergun,Hurston Dynamics (HRST),Laser Scattergun,1,420,504,504,0.24,0,0,0.6,75,,,50,∞,∞,,2000,1000,,,,,,8,,0,0,504,0,0,0,0.33,0.5,0.45,4,4,0.6,1550,500000,0,500000,0.75,13657
Dominance-2,item_NameHRST_LaserScattergun_S2,Dominance-2 Scattergun,Hurston Dynamics (HRST),Laser Scattergun,2,660,792,792,0.32,0,0,0.8,75,,,50,∞,∞,,2000,1000,,,,,,8,,0,0,792,0,0,0,0.35,0.5,0.45,4,4,0.6,1550,500000,0,500000,0.75,32345
Dominance-3,item_NameHRST_LaserScattergun_S3,Dominance-3 Scattergun,Hurston Dynamics (HRST),Laser Scattergun,3,930,1116,1116,0.6,0,0.1,1,75,,,50,∞,∞,,2000,1000,,,,,,8,,0,0,1116,0,0,0,0.36,0.5,0.45,4,4,0.6,1550,500000,0,500000,0.75,69137
DR Model-XJ1,item_NameASAD_DistortionRepeater_S1,DR Model-XJ1 Repeater,Associated Science and Development (ASD),Distortion Repeater,1,171,26,26,0.42,0,0,0.45,75,,,400,∞,∞,,2000,1300,,,,,,0,25,0,0,0,0,0,0,0.75,0.022,0.022,0.5,0.5,2,525,500000,0,500000,0.75,12940
DR Model-XJ2,item_NameASAD_DistortionRepeater_S2,DR Model-XJ2 Repeater,Associated Science and Development (ASD),Distortion Repeater,2,257,39,39,0.56,0,0.1,0.6,75,,,400,∞,∞,,2301,1300,,,,,,0,28,0,0,0,0,0,0,0.75,0.022,0.022,0.5,0.5,2,850,500000,0,500000,0.75,29110
DR Model-XJ3,item_NameASAD_DistortionRepeater_S3,DR Model-XJ3 Repeater,Associated Science and Development (ASD),Distortion Repeater,3,386,58,58,1.05,0.1,0.1,0.75,75,,,400,∞,∞,,2595,1300,,,,,,0,30,0,0,0,0,0,0,0.75,0.022,0.022,0.5,0.5,2,1024,500000,0,500000,0.75,65495
Draugar,item_NameAPAR_BallisticGatling_S6,Draugar Gatling,Apocalypse Arms (APAR),Ballistic Gatling,6,2848,142,142,5.5,0.3,0.6,0.1,3309,,,1200,471202,165,,3600,1200,,,,,,1,,0,0,0,142,0,0,,0.008,0.008,0.575,0.575,0.01,4224,500000,0,500000,0.75,300284
EVSD,item_NameBEHR_DistortionCannon_VNG_S2,EVSD Cannon,Behring (BEHR),Distortion Cannon,2,203,81,81,1.68,0.1,0.2,1.2,25,,,150,∞,∞,,2301,1300,,,,,,0,28,0,0,0,0,0,0,1.39,0.025,0.025,0.45,0.45,0.5,550,500000,0,500000,0.75,40080
Exodus-10,item_NameHRST_LaserBeam_S10_Bespoke,Exodus-10 Laser Beam,Hurston Dynamics (HRST),Laser Beam,10,15000,,,,,,,,,,,,∞,∞,,5000,,,,,,,,,,,,,,,,,,,,,,750000,500000,0,500000,0.75,
FL-11,item_NameKRON_LaserCannon_S1,FL-11 Cannon,Kroneg (KRON),Laser Cannon,1,205,49,49,0.9,0.1,0.1,0.9,25,,,250,∞,∞,,1998,1800,,,,,,0,,0,0,0,0,0,0,1.6,0.025,0.025,0.5,0.5,0.5,550,500000,0,500000,0.75,15625
FL-22,item_NameKRON_LaserCannon_S2,FL-22 Cannon,Kroneg (KRON),Laser Cannon,2,308,74,74,1.2,0.1,0.1,1.2,25,,,250,∞,∞,,2304,1800,,,,,,0,,0,0,0,0,0,0,1.68,0.025,0.025,0.5,0.5,0.5,850,500000,0,500000,0.75,35155
FL-33,item_NameKRON_LaserCannon_S3,FL-33 Cannon,Kroneg (KRON),Laser Cannon,3,462,111,111,2.25,0.1,0.2,1.5,25,,,250,∞,∞,,2592,1800,,,,,,0,,0,0,0,0,0,0,1.76,0.025,0.025,0.5,0.5,0.5,1024,500000,0,500000,0.75,79100
GVSR,item_NameBEHR_LaserRepeater_VNG_S2,GVSR Repeater,Behring (BEHR),Laser Repeater,2,582,100,100,0.4,0,0,0.71,75,,,350,∞,∞,,2300,1000,,,,,,0,,0,0,0,0,0,0,0.76,0.022,0.022,0.5,0.5,2,850,500000,0,500000,0.75,20040
Havoc,item_NameAPAR_BallisticScatterGun_S1,Havoc Scattergun,Apocalypse Arms (APAR),Ballistic Scattergun,1,374,374,374,0.528,0,0.1,0.1,2040,,,60,763776,2040,,2000,1000,,,,,,8,,0,0,0,374,0,0,,0.5,0.4,4,4,0.6,1550,500000,0,500000,0.75,10000
Hellion,item_NameAPAR_BallisticScatterGun_S2,Hellion Scattergun,Apocalypse Arms (APAR),Ballistic Scattergun,2,560,560,560,0.704,0,0.1,0.1,2019,,,60,1130640,2019,,2000,1000,,,,,,8,,0,0,0,560,0,0,,0.5,0.4,4,4,0.6,1550,500000,0,500000,0.75,22500
Jericho,item_NameHRST_S1_RPOD_6x_S1,Jericho,Hurston Dynamics (HRST),Rocket Pod,1,150,150,150,0,0.5,5,0,12,,,60,1800,12,,2100,700,,,,,,0,4,0,0,0,0,0,0,,0.022,0.022,0,2,2,500,500000,0,500000,0.75,
Jericho X,item_NameHRST_S2_RPOD_12x_S1,Jericho X,Hurston Dynamics (HRST),Rocket Pod,2,150,150,150,0,0.5,5,0,24,,,60,3600,24,,2100,700,,,,,,0,4,0,0,0,0,0,0,,0.022,0.022,0,2,2,750,500000,0,500000,0.75,
Jericho XL (FSKI),item_NameFSKI_S3_RPOD_9x_S3,Yebira III,FireStorm Kinetics (FSKI),Rocket Pod,3,150,150,150,0,0.5,5,0,18,,,60,2700,18,,2100,700,,,,,,0,4,0,0,0,0,0,0,,0.022,0.022,0,2,2,1000,500000,0,500000,0.75,
Jericho XL (HRST),item_NameHRST_S3_RPOD_18x_S1,Jericho XL,Hurston Dynamics (HRST),Rocket Pod,3,150,150,150,0,0.5,5,0,36,,,60,5400,36,,2100,700,,,,,,0,4,0,0,0,0,0,0,,0.022,0.022,0,2,2,1000,500000,0,500000,0.75,
Leonids,item_NameRSI_BallisticCannon_Meteor_Bespoke,Leonids Cannon,Roberts Space Industries (RSI),Ballistic Cannon,5,1811,1600,1600,9.9,0.5,1,0.1,720,,,67.9,1152000,636,,2814,840,,,,,,0,,0,0,0,0,0,0,,0.005,0.005,0.2,0.2,0.025,2500,500000,0,500000,0.75,
Liberator,item_NameTHCN_S1_RPOD_4x_S2,Liberator,Thermyte Concern (THCN),Rocket Pod,1,150,150,150,0,0.5,5,0,8,,,60,1200,8,,2100,700,,,,,,0,4,0,0,0,0,0,0,,0.022,0.022,0,2,2,500,500000,0,500000,0.75,
Liberator Prime,item_NameTHCN_S2_RPOD_8x_S2,Liberator Prime,Thermyte Concern (THCN),Rocket Pod,2,150,150,150,0,0.5,5,0,16,,,60,2400,16,,2100,700,,,,,,0,4,0,0,0,0,0,0,,0.022,0.022,0,2,2,750,500000,0,500000,0.75,
Liberator Ultra,item_NameTHCN_S3_RPOD_12x_S2,Liberator Ultra,Thermyte Concern (THCN),Rocket Pod,3,150,150,150,0,0.5,5,0,24,,,60,3600,24,,2100,700,,,,,,0,4,0,0,0,0,0,0,,0.022,0.022,0,2,2,1000,500000,0,500000,0.75,
Lightstrike I,item_NameESPR_LaserCannon_S1,Lightstrike I Cannon,Esperia (ESPR),Laser Cannon,1,205,49,49,0.9,0.1,0.1,0.9,25,,,250,∞,∞,,1998,1800,,,,,,0,,0,0,0,0,0,0,1.21,0.025,0.025,0.5,0.5,0.05,550,500000,0,500000,0.75,14065
Lightstrike II,item_NameESPR_LaserCannon_S2,Lightstrike II Cannon,Esperia (ESPR),Laser Cannon,2,308,74,74,1.2,0.1,0.1,1.2,25,,,250,∞,∞,,2304,1800,,,,,,0,,0,0,0,0,0,0,1.27,0.025,0.025,0.5,0.5,0.05,550,500000,0,500000,0.75,31640
Lightstrike III,item_NameESPR_LaserCannon_S3,Lightstrike III Cannon,Esperia (ESPR),Laser Cannon,3,462,111,111,2.25,0.1,0.2,1.5,25,,,250,∞,∞,,2592,1800,,,,,,0,,0,0,0,0,0,0,1.33,0.025,0.025,0.5,0.5,0.05,550,500000,0,500000,0.75,71190
Lightstrike IV,item_NameESPR_LaserCannon_S4,Lightstrike IV Cannon,Esperia (ESPR),Laser Cannon,4,693,166,166,3,0.2,0.3,1.8,25,,,250,∞,∞,,3007,1728,,,,,,0,,0,0,0,0,0,0,1.4,0.025,0.025,0.5,0.5,0.05,550,500000,0,500000,0.75,160180
Lightstrike V,item_NameESPR_LaserCannon_S5,Lightstrike V Cannon,Esperia (ESPR),Laser Cannon,5,1036,249,249,4.5,0.2,0.5,2.1,25,,,250,∞,∞,,3295,1656,,,,,,0,,0,0,0,0,0,0,1.47,0.025,0.025,0.5,0.5,0.05,550,500000,0,500000,0.75,360405
Lightstrike VI,item_NameESPR_LaserCannon_S6,Lightstrike VI Cannon,Esperia (ESPR),Laser Cannon,6,1559,374,374,7.5,0.4,0.8,2.4,25,,,250,∞,∞,,3596,1584,,,,,,0,,0,0,0,0,0,0,1.54,0.025,0.025,0.5,0.5,0.05,550,500000,0,500000,0.75,810915
M10A,N/A (not in global.ini),N/A,Behring (BEHR),Laser Cannon,8,5189,3114,3114,13.5,0.7,1.4,2.8,25,,,100,∞,∞,,4504,800,,,,,,0,,0,0,0,0,0,0,1.7,0.025,0.025,0.4,0.4,0.05,10810,500000,0,500000,0.75,
M11A,N/A (not in global.ini),N/A,Behring (BEHR),Laser Cannon,9,7784,4670,4670,15,0.8,1.5,3.1,25,,,100,∞,∞,,3800,760,,,,,,0,,0,0,0,0,0,0,1.79,0.025,0.025,0.4,0.4,0.05,17300,500000,0,500000,0.75,
M2C "Swarm",item_NameBEHR_LaserRepeater_PDC_S1,"M2C ""Swarm""",Behring (BEHR),Laser Repeater,1,167,10,10,0.3,0,0,0.35,75,,,1000,∞,∞,,1998,1800,,,,,,0,,0,0,0,0,0,0,0.61,0.022,0.022,0.1,0.1,2,800,500000,0,500000,0.75,15700
M3A,item_NameBEHR_LaserCannon_S1,M3A Cannon,Behring (BEHR),Laser Cannon,1,304,182,182,0.9,0.1,0.1,0.7,25,,,100,∞,∞,,2000,1000,,,,,,0,,0,0,0,0,0,0,0.75,0.025,0.025,0.4,0.4,0.05,550,500000,0,500000,0.75,15461
M4A,item_NameBEHR_LaserCannon_S2,M4A Cannon,Behring (BEHR),Laser Cannon,2,456,273,273,1.2,0.1,0.1,1,25,,,100,∞,∞,,2300,1000,,,,,,0,,0,0,0,0,0,0,0.75,0.025,0.025,0.4,0.4,0.05,850,500000,0,500000,0.75,34786
M5A,item_NameBEHR_LaserCannon_S3,M5A Cannon,Behring (BEHR),Laser Cannon,3,684,410,410,2.25,0.1,0.2,1.3,25,,,100,∞,∞,,2600,1000,,,,,,0,,0,0,0,0,0,0,1.33,0.025,0.025,0.4,0.4,0.05,1024,500000,0,500000,0.75,78262
M6A,item_NameBEHR_LaserCannon_S4,M6A Cannon,Behring (BEHR),Laser Cannon,4,1025,615,615,3,0.2,0.3,1.6,25,,,100,∞,∞,,3005,960,,,,,,0,,0,0,0,0,0,0,1.4,0.025,0.025,0.4,0.4,0.05,2000,500000,0,500000,0.75,176093
M7A,item_NameBEHR_LaserCannon_S5,M7A Cannon,Behring (BEHR),Laser Cannon,5,1536,922,922,4.5,0.2,0.5,1.9,25,,,100,∞,∞,,3303,920,,,,,,0,,0,0,0,0,0,0,1.47,0.025,0.025,0.4,0.4,0.05,2500,500000,0,500000,0.75,396209
M8A,item_NameBEHR_LaserCannon_S6,M8A Cannon,Behring (BEHR),Laser Cannon,6,2306,1383,1383,7.5,0.4,0.8,2.2,25,,,100,∞,∞,,3599,880,,,,,,0,,0,0,0,0,0,0,1.54,0.025,0.025,0.4,0.4,0.05,4224,500000,0,500000,0.75,855965
M9A,item_NameBEHR_LaserCannon_S7,M9A Cannon,Behring (BEHR),Laser Cannon,7,3460,2076,2076,10.5,0.5,1.1,2.5,25,,,100,∞,∞,,3998,840,,,,,,0,,0,0,0,0,0,0,1.62,0.025,0.025,0.4,0.4,0.05,6750,500000,0,500000,0.75,
Mantis GT-220,item_NameGATS_BallisticGatling_S3,Mantis GT-220 Gatling,Gallenson Tactical Systems (GATS),Ballistic Gatling,3,507,19,19,1.65,0.1,0.2,0.1,4314,,,1600,81966,162,,2608,1600,,,,,,1,,0,0,0,19,0,0,,0.008,0.008,0.6,0.6,0.01,1500,500000,0,500000,0.75,28116
Maris,item_NameRSI_Bespoke_BallisticCannon_A,Maris Cannon,Roberts Space Industries (RSI),Ballistic Cannon,6,2833,3400,3400,9.9,0.5,1,0.1,2700,,,50,9180000,3240,,4895,890,,,,,,0,,0,0,0,0,0,0,,0.025,0.025,0.3,0.3,0.05,5600,500000,0,500000,0.75,
MRX "Torrent",item_NameBEHR_BallisticGatling_PDC_S1,"MRX ""Torrent""",Behring (BEHR),Ballistic Gatling,1,360,18,18,0.66,0,0.1,0.1,15000,,,1200,270000,750,,2000,1600,,,,,,1,,0,0,0,18,0,0,,0.008,0.008,0.15,0.15,0.01,850,500000,0,500000,0.75,
MVSA,item_NameBEHR_LaserCannon_VNG_S2,MVSA Cannon,Behring (BEHR),Laser Cannon,2,455,273,273,1.2,0.1,0.1,1.43,25,,,100,∞,∞,,2301,1300,,,,,,0,,0,0,0,0,0,0,1.52,0.025,0.025,0.4,0.4,0.05,850,500000,0,500000,0.75,33400
NDB-26,item_NameMXOX_NeutronRepeater_S1,NDB-26 Repeater,maxOx (MXOX),Laser Repeater,1,317,38,38,0.6,0,0.1,0.45,75,,,500,∞,∞,,2002,1400,,,,,,0,,0,0,0,0,0,0,0.73,0.022,0.022,0.55,0.55,2,525,500000,0,500000,0.75,
NDB-28,item_NameMXOX_NeutronRepeater_S2,NDB-28 Repeater,maxOx (MXOX),Laser Repeater,2,475,57,57,0.8,0,0.1,0.6,75,,,500,∞,∞,,2296,1400,,,,,,0,,0,0,0,0,0,0,0.76,0.022,0.022,0.55,0.55,2,850,500000,0,500000,0.75,
NDB-30,item_NameMXOX_NeutronRepeater_S3,NDB-30 Repeater,maxOx (MXOX),Laser Repeater,3,713,86,86,1.5,0.1,0.2,0.75,75,,,500,∞,∞,,2604,1400,,,,,,0,,0,0,0,0,0,0,0.8,0.022,0.022,0.55,0.55,2,1024,500000,0,500000,0.75,
NN-13,item_NameMXOX_NeutronCannon_S1,NN-13 Cannon,maxOx (MXOX),Laser Cannon,1,253,101,101,0.28,0.1,0.1,0.6,25,,,150,∞,∞,,2002,1400,,,,,,0,,0,0,0,0,0,0,0.5,0.025,0.025,0.45,0.45,0.05,550,500000,0,500000,0.75,17970
NN-14,item_NameMXOX_NeutronCannon_S2,NN-14 Cannon,maxOx (MXOX),Laser Cannon,2,382,153,153,0.34,0.1,0.1,0.8,90,,,150,∞,∞,,2296,1400,,,,,,0,,0,0,0,0,0,0,0.38,0.025,0.025,0.45,0.45,0.05,850,500000,0,500000,0.75,40430
NN-15,item_NameMXOX_NeutronCannon_S3,NN-15 Cannon,maxOx (MXOX),Laser Cannon,3,552,221,221,0.6,0.1,0.1,1,25,,,150,∞,∞,,2604,1400,,,,,,0,,0,0,0,0,0,0,0.4,0.025,0.025,0.45,0.45,0.05,850,500000,0,500000,0.75,90970
NV57,item_NameBEHR_BallisticGatling_NOVA_S5,NV57 Ballistic Gatling,Behring (BEHR),Ballistic Gatling,5,3250,163,163,3.3,0.2,0.3,0.1,9600,,,1200,1560000,480,,4000,1000,,,,,,1,,0,0,0,163,0,0,,0.008,0.008,0.6,0.6,0.01,4224,500000,0,500000,0.75,121740
Omnisky III,item_NameAMRS_LaserCannon_S1,Omnisky III Cannon,Amon & Reese Co. (AMRS),Laser Cannon,1,243,97,97,0.9,0.1,0.1,0.9,25,,,150,∞,∞,,2002,1400,,,,,,0,,0,0,0,0,0,0,0.5,0.025,0.025,0.45,0.45,0.5,550,500000,0,500000,0.75,15461
Omnisky IX,item_NameAMRS_LaserCannon_S3,Omnisky IX Cannon,Amon & Reese Co. (AMRS),Laser Cannon,3,547,219,219,2.25,0.1,0.2,1.5,25,,,150,∞,∞,,2604,1400,,,,,,0,,0,0,0,0,0,0,0.5,0.025,0.025,0.45,0.45,0.05,1024,500000,0,500000,0.75,78262
Omnisky VI,item_NameAMRS_LaserCannon_S2,Omnisky VI Cannon,Amon & Reese Co. (AMRS),Laser Cannon,2,365,146,146,1.2,0.1,0.1,1.2,25,,,150,∞,∞,,2296,1400,,,,,,0,,0,0,0,0,0,0,0.5,0.025,0.025,0.45,0.45,0.05,850,500000,0,500000,0.75,34786
Omnisky XII,item_NameAMRS_LaserCannon_S4,Omnisky XII Cannon,Amon & Reese Co. (AMRS),Laser Cannon,4,820,328,328,3,0.2,0.3,1.3,25,,,150,∞,∞,,2997,1344,,,,,,0,,0,0,0,0,0,0,0.5,0.025,0.025,0.45,0.45,0.05,1650,500000,0,500000,0.75,176093
Omnisky XV,item_NameAMRS_LaserCannon_S5,Omnisky XV Cannon,Amon & Reese Co. (AMRS),Laser Cannon,5,1230,492,492,4.5,0.2,0.5,2.1,25,,,150,∞,∞,,3310,1288,,,,,,0,,0,0,0,0,0,0,0.5,0.025,0.025,0.45,0.45,0.05,2500,500000,0,500000,0.75,380430
Omnisky XVIII,item_NameAMRS_LaserCannon_S6,Omnisky XVIII Cannon,Amon & Reese Co. (AMRS),Laser Cannon,6,1846,738,738,7.5,0.4,0.8,2.4,25,,,150,∞,∞,,3597,1232,,,,,,0,,0,0,0,0,0,0,0.5,0.025,0.025,0.45,0.45,0.05,4224,500000,0,500000,0.75,891466
Predator,item_NameAPAR_BallisticScatterGun_S3,Predator Scattergun,Apocalypse Arms (APAR),Ballistic Scattergun,3,840,840,840,1.32,0.1,0.1,0.1,1980,,,60,1663200,1980,,2000,1000,,,,,,8,,0,0,0,840,0,0,,0.5,0.5,4,4,0.6,1550,500000,0,500000,0.75,50625
PyroBurst,item_NameAMRS_ScatterGun_S3,PyroBurst Scattergun,Amon & Reese Co. (AMRS),Laser Scattergun,3,462,396,396,0.6,0,0.1,1,75,,,70,∞,∞,,2400,1200,,,,,,8,,0,0,396,0,0,0,0.36,0.5,0.45,4,4,0.6,1550,500000,0,500000,0.75,60115
Quarreler,item_NameKRIG_LaserCannon_S3,Quarreler Cannon,Kruger Intergalatic (KRIG),Laser Cannon,3,547,219,219,2.25,0.1,0.2,1.73,25,,,150,∞,∞,,2604,1400,,,,,,0,,0,0,0,0,0,0,1.76,0.025,0.025,0.45,0.45,0.05,2850,500000,0,500000,0.75,90653
Reign-3,item_NameHRST_Storm_LaserRepeater_S3,Reign-3 Repeater,Hurston Dynamics (HRST),Laser Repeater,3,2042,350,350,0.75,0,0.1,0.86,75,,,350,∞,∞,,5000,1000,,,,,,0,,0,0,0,0,0,0,0.8,0.022,0.022,0.5,0.5,2,1024,500000,0,500000,0.75,
Relentless L-21,item_NameKRIG_Wolf_BallisticGatling_S4,Relentless L-21 Gatling,Kruger Intergalatic (KRIG),Ballistic Gatling,4,998,63,63,2.2,0.1,0.2,0.1,4200,,,950,264600,265,,3003,1650,,,,,,1,,0,0,0,63,0,0,,0.008,0.008,0.6,0.6,0.01,2000,500000,0,500000,0.75,
Revenant,item_NameAPAR_BallisticGatling_S4,Revenant Gatling,Apocalypse Arms (APAR),Ballistic Gatling,4,1266,63,63,2.2,0.1,0.2,0.1,3660,,,1200,231678,183,,3000,1200,,,,,,1,,0,0,0,63,0,0,,0.008,0.008,0.525,0.525,0.01,1650,500000,0,500000,0.75,56955
RSI Medusa,item_NameRSI_BallisticCannon_S8,RSI Medusa Cannon,Roberts Space Industries (RSI),Ballistic Cannon,8,4500,5400,5400,29.7,1.5,3,0.1,900,,,50,4860000,1080,,5580,900,,,,,,0,,0,0,0,0,0,0,,0.02,0.02,0.25,0.25,0.05,30000,500000,0,500000,0.75,
Salvation,item_NamePRAR_DistortionScatterGun_S4,Salvation Distortion Scattergun,Preacher Armament (PRAR),Distortion Scattergun,4,480,480,480,1.12,0.1,0.1,1.2,75,,,60,∞,∞,,1400,700,,,,,,8,25,0,480,0,0,0,0,0.38,0.6,0.4,4,4,0.6,1650,500000,0,500000,0.75,
Scorpion GT-215,item_NameGATS_BallisticGatling_S2,Scorpion GT-215 Gatling,Gallenson Tactical Systems (GATS),Ballistic Gatling,2,339,13,13,0.88,0,0.1,0.1,4410,,,1600,56007,165,,2304,1600,,,,,,1,,0,0,0,13,0,0,,0.008,0.008,0.57,0.57,0.01,850,500000,0,500000,0.75,12494
SF7B,item_NameBEHR_BallisticGatling_SF7B_S7,SF7B Gatling,Behring (BEHR),Ballistic Gatling,7,4380,292,292,7.7,0.4,0.8,0.1,2994,,,900,874248,200,,3996,900,,,,,,1,,0,0,0,292,0,0,,0.008,0.008,0.655,0.655,0.01,6750,500000,0,500000,0.75,
SF7E,item_NameBEHR_LaserCannon_SF7E_S7,SF7E Cannon,Behring (BEHR),Laser Cannon,7,4721,5150,5150,10.5,0.5,1.1,2.93,25,,,55,∞,∞,,3999,860,,,,,,0,,0,0,0,0,0,0,1.94,0.025,0.025,0.4,0.4,0.05,6750,500000,0,500000,0.75,
Singe-1,item_NameBANU_TachyonCannon_S1,Singe Cannon (S1),Banu (BANU),Tachyon Cannon,1,122,203,203,1.05,0.1,0.1,1.2,25,,,36,∞,∞,36,1050,3000,1,1,,,,1,,0,0,203,0,0,0,1.65,0,0,0.1,0.1,0,550,500000,0,500000,0.75,
Singe-2,item_NameBANU_TachyonCannon_S2,Singe Cannon (S2),Banu (BANU),Tachyon Cannon,2,196,473,473,1.4,0.1,0.1,1.6,25,,,24.8,∞,∞,24.8,1200,3000,1,1.75,,,,1,,0,0,473,0,0,0,1.73,0,0,0.1,0.1,0,850,500000,0,500000,0.75,
Singe-3,item_NameBANU_TachyonCannon_S3,Singe Cannon (S3),Banu (BANU),Tachyon Cannon,3,320,1013,1013,2.625,0.1,0.3,2,25,,,18.9,∞,∞,18.9,1500,3000,1,2.5,,,,1,,0,0,1013,0,0,0,1.82,0,0,0.1,0.1,0,1024,500000,0,500000,0.75,
Slayer,item_NameHRST_Nova_BallisticCannon_S5,Slayer Cannon,Hurston Dynamics (HRST),Ballistic Cannon,5,6400,32000,32000,11.55,0.6,1.2,0.1,363,,,12,11616000,1815,,6148,564,,,,,,0,5,0,0,0,0,0,0,,0.025,0.025,0.4,0.4,0.05,20000,500000,0,500000,0.75,
Sledge I Mass Driver,item_NameKLWE_MassDriver_S1,Sledge I Mass Driver Cannon,Klaus & Werner (KLWE),Ballistic Cannon,1,75,225,225,2.52,0.1,0.3,1.2,105,,,20,23625,315,20,1050,3000,1,1,,,,1,,0,0,0,225,0,0,,0.025,0.025,0.2,0.2,0.05,1050,500000,0,500000,0.75,11476
Sledge II Mass Driver,item_NameKLWE_MassDriver_S2,Sledge II Mass Driver Cannon,Klaus & Werner (KLWE),Ballistic Cannon,2,150,525,525,3.36,0.2,0.3,1.6,105,,,17.1,55125,368,17.1,1200,3000,1,1.5,,,,1,,0,0,0,525,0,0,,0.025,0.025,0.2,0.2,0.05,2050,500000,0,500000,0.75,25819
Sledge III Mass Driver,item_NameKLWE_MassDriver_S3,Sledge III Mass Driver Cannon,Klaus & Werner (KLWE),Ballistic Cannon,3,250,1125,1125,6.3,0.3,0.6,2,102,,,13.3,114750,459,13.3,1500,3000,1,2.5,,,,1,,0,0,0,1125,0,0,,0.025,0.025,0.2,0.2,0.05,3050,500000,0,500000,0.75,58094
Strife Mass Driver,item_NameAPAR_MassDriver_S2,Strife Mass Driver Cannon,Apocalypse Arms (APAR),Ballistic Cannon,2,150,525,525,3.36,0.2,0.3,1.6,84,,,17.1,44100,294,17.1,5500,5000,1,1.5,,,,1,,0,0,0,525,0,0,,0.025,0.025,0.1,0.1,0.05,1050,500000,0,500000,0.75,33750
Suckerpunch,item_NameJOKR_DistortionCannon_S1,Suckerpunch Cannon,Joker Engineering (JOKR),Distortion Cannon,1,135,81,81,1.26,0.1,0.1,0.9,25,,,100,∞,∞,,2000,1300,,,,,,0,25,0,0,0,0,0,0,1.6,0.025,0.025,0.4,0.4,0.5,550,500000,0,500000,0.75,18750
Suckerpunch-L,item_NameJOKR_DistortionCannon_S2,Suckerpunch-L Cannon,Joker Engineering (JOKR),Distortion Cannon,2,203,122,122,1.68,0.1,0.2,1.2,25,,,100,∞,∞,,2301,1300,,,,,,0,28,0,0,0,0,0,0,1.68,0.025,0.025,0.4,0.4,0.5,850,500000,0,500000,0.75,42190
Suckerpunch-XL,item_NameJOKR_DistortionCannon_S3,Suckerpunch-XL Cannon,Joker Engineering (JOKR),Distortion Cannon,3,304,183,183,3.15,0.2,0.3,1.5,25,,,100,∞,∞,,2595,1300,,,,,,0,30,0,0,0,0,0,0,1.76,0.025,0.025,0.4,0.4,0.5,1024,500000,0,500000,0.75,94920
SW16BR1 "Buzzsaw",item_NameBEHR_BallisticRepeater_S1,"SW16BR1 ""Buzzsaw"" Repeater",Behring (BEHR),Ballistic Repeater,1,300,36,36,0.66,0,0.1,0.1,2664,,,500,95904,320,,2004,1200,,,,,,0,,0,0,0,0,0,0,,0.022,0.022,0.54,0.54,2,525,500000,0,500000,0.75,7125
SW16BR2 "Sawbuck",item_NameBEHR_BallisticRepeater_S2,"SW16BR2 ""Sawbuck"" Repeater",Behring (BEHR),Ballistic Repeater,2,450,54,54,0.88,0,0.1,0.1,2637,,,500,142398,316,,2304,1200,,,,,,0,,0,0,0,0,0,0,,0.022,0.022,0.57,0.57,2,850,500000,0,500000,0.75,16695
SW16BR3 "Shredder",item_NameBEHR_BallisticRepeater_S3,"SW16BR3 ""Shredder"" Repeater",Behring (BEHR),Ballistic Repeater,3,675,81,81,1.65,0.1,0.2,0.1,2589,,,500,209709,311,,2604,1200,,,,,,0,,0,0,0,0,0,0,,0.022,0.022,0.6,0.6,2,1024,500000,0,500000,0.75,37566
Tarantula GT-870 Mk 1,item_NameGATS_BallisticCannon_S1,Tarantula GT-870 Mark 1 Cannon,Gallenson Tactical Systems (GATS),Ballistic Cannon,1,203,61,61,1.98,0.1,0.2,0.1,330,,,200,20048,99,,2000,1600,,,,,,0,,0,0,0,0,0,0,,0.025,0.025,0.5,0.5,0.05,550,500000,0,500000,0.75,13886
Tarantula GT-870 Mk 2,item_NameGATS_BallisticCannon_S2,Tarantula GT-870 Mark 2 Cannon,Gallenson Tactical Systems (GATS),Ballistic Cannon,2,304,91,91,2.64,0.1,0.3,0.1,327,,,200,29842,98,,2304,1600,,,,,,0,,0,0,0,0,0,0,,0.025,0.025,0.5,0.5,0.05,850,500000,0,500000,0.75,31244
Tarantula GT-870 Mk 3,item_NameGATS_BallisticCannon_S3,Tarantula GT-870 Mark 3 Cannon,Gallenson Tactical Systems (GATS),Ballistic Cannon,3,455,137,137,4.95,0.3,0.5,0.1,324,,,200,44265,97,,2608,1600,,,,,,0,,0,0,0,0,0,0,,0.025,0.025,0.5,0.5,0.05,1024,500000,0,500000,0.75,70293
Thlilye Laser,item_NameTOAG_LaserGatling_S2,Thlilye Laser Gatling,Aopoa (XIAN),Laser Gatling,2,314,17,17,0.4,0,0,0.34,75,,,1100,∞,∞,,2592,1800,,,,,,1,,0,0,17,0,0,0,0.95,1,1,0.518,0.518,1,850,540,0,24,0.75,
Tigerstrike T-19P,item_NameKRIG_BallisticGatling_S2,Tigerstrike T-19P,Kruger Intergalatic (KRIG),Ballistic Gatling,2,450,23,23,0.88,0,0.1,0.1,4626,,,1200,104085,231,,2304,1200,,,,,,1,,0,0,0,23,0,0,,0.008,0.008,0.627,0.627,0.01,850,500000,0,500000,0.75,12896
TMSB-5 Gatling,item_NameBEHR_BallisticGatling_Hornet_Bespoke,TMSB-5 Gatling,Behring (BEHR),Ballistic Gatling,4,922,53,53,0.88,0,0.1,0.1,5250,,,1050,276675,300,,2835,1050,,,,,,1,,0,0,0,53,0,0,,0.008,0.008,0.7,0.7,0.01,1500,500000,0,500000,0.75,115330
Tormenter S3,item_NameGLSN_LaserRepeater_S3,Tormenter S3 Repeater,Grey's Market (GREY),Laser Repeater,3,494,40,40,0.75,0,0.1,1,75,,,750,∞,∞,,2592,1800,,,,,,0,,0,0,0,0,0,0,0.25,0.022,0.022,0.62,0.62,2,1200,500000,0,500000,0.75,
Yebira I,item_NameFSKI_S1_RPOD_3x_S3,Yebira I,FireStorm Kinetics (FSKI),Rocket Pod,1,150,150,150,0,0.5,5,0,6,,,60,900,6,,2100,700,,,,,,0,4,0,0,0,0,0,0,,0.022,0.022,0,2,2,500,500000,0,500000,0.75,
Yebira II,item_NameFSKI_S2_RPOD_6x_S3,Yebira II,FireStorm Kinetics (FSKI),Rocket Pod,2,150,150,150,0,0.5,5,0,12,,,60,1800,12,,2100,700,,,,,,0,4,0,0,0,0,0,0,,0.022,0.022,0,2,2,750,500000,0,500000,0.75,
YellowJacket GT-210,item_NameGATS_BallisticGatling_S1,YellowJacket GT-210 Gatling,Gallenson Tactical Systems (GATS),Ballistic Gatling,1,202,8,8,0.66,0,0.1,0.1,4440,,,1600,33566,167,,2000,1600,,,,,,1,,0,0,0,8,0,0,,0.008,0.008,0.54,0.54,0.01,550,500000,0,500000,0.75,5555
Yeng'tu,item_NameTOAG_LaserRepeater_S3,Yeng'tu Repeater,Aopoa (XIAN),Laser Repeater,3,456,36,36,0.75,0,0.1,0.65,75,,,750,∞,∞,,,,,,,,,,,,,,,,,,,,,,,,,,,,
